<?xml version="1.0" encoding="UTF-8" standalone="yes"?>
<addon id="plugin.video.sportsaccess" name="SportsAccess" version="1.4.5" provider-name="SportsAccess">
    <requires>
        <import addon="xbmc.python" version="3.0.0"/>
		<import addon="script.module.pycryptodome" version="3.4.3"/>		
    </requires>
    <extension point="xbmc.python.pluginsource" library="default.py">
        <provides>video</provides>
    </extension>
    <extension point="xbmc.addon.metadata">
    <summary lang="en">SportsAccess Sports</summary>
    <description lang="en">Get all your Live sports here</description>
    <platform>all</platform>
	<assets>
		<icon>icon.png</icon>
		<fanart>fanart.jpg</fanart>
	</assets>
  </extension>
</addon>
